training_id,epoch,train_loss,valid_loss,accuracy,recall_score,time
1, 0 ,0.1788683980703354, 0.1245957762002945, 0.9627143144607544, 0.9621707836633038, 00:29
1, 1 ,0.1688683980703354, 0.1145957762002945, 0.9827143144607544, 0.9721707836633038, 00:29
1, 2 ,0.1588683980703354, 0.1045957762002945, 0.9927143144607544, 0.9821707836633038, 00:29